,Polarity,Subjectivity,TopWord,TopWordFreq,TotalWord
0,0.10120370370370373,0.426276455026455,school,11.0,857.0
1,0.07069179738010906,0.4132627761848541,one,6.0,841.0
